city,zcta,pct_fully_vaccinated,pct_partially_vaccinated,pct_ge1_dose,date_of_access,source,geo_level
Baltimore,21201,66.85,8.92,75.78,2022-07-06,LHD,city
Baltimore,21202,67.35,13.22,80.57,2022-07-06,LHD,city
Baltimore,21205,51.65,6.88,58.53,2022-07-06,LHD,city
Baltimore,21206,56.76,4.65,61.41,2022-07-06,LHD,city
Baltimore,21207,62.99,4.95,67.93,2022-07-06,LHD,city
Baltimore,21209,72.36,5.67,78.02,2022-07-06,LHD,city
Baltimore,21210,64.01,5.57,69.58,2022-07-06,LHD,city
Baltimore,21211,81.47,6.27,87.73,2022-07-06,LHD,city
Baltimore,21212,70.3,5.16,75.47,2022-07-06,LHD,city
Baltimore,21213,52.12,5.67,57.79,2022-07-06,LHD,city
Baltimore,21214,61.88,4.4,66.28,2022-07-06,LHD,city
Baltimore,21215,56.88,5.68,62.56,2022-07-06,LHD,city
Baltimore,21216,48.31,4.91,53.22,2022-07-06,LHD,city
Baltimore,21217,50.81,5.94,56.75,2022-07-06,LHD,city
Baltimore,21218,60.49,6.3,66.79,2022-07-06,LHD,city
Baltimore,21223,47.65,6.14,53.79,2022-07-06,LHD,city
Baltimore,21224,76.7,8.78,85.48,2022-07-06,LHD,city
Baltimore,21225,52.12,5.91,58.03,2022-07-06,LHD,city
Baltimore,21226,60.96,6.19,67.15,2022-07-06,LHD,city
Baltimore,21229,56.84,4.71,61.56,2022-07-06,LHD,city
Baltimore,21230,68.78,7.33,76.12,2022-07-06,LHD,city
Baltimore,21231,78.74,9.44,88.17,2022-07-06,LHD,city
Baltimore,21234,67.93,4.44,72.37,2022-07-06,LHD,city
Baltimore,21239,58.71,4.21,62.92,2022-07-06,LHD,city
Boston,02108,68.75,20.43,89.18,2022-06-21,LHD,city
Boston,02109,70.98,15.85,86.83,2022-06-21,LHD,city
Boston,02110,80.73,20.35,100,2022-06-21,LHD,city
Boston,02111,97.55,27.79,100,2022-06-21,LHD,city
Boston,02113,69.34,11.37,80.71,2022-06-21,LHD,city
Boston,02114,86.99,22.09,100,2022-06-21,LHD,city
Boston,02115,59.19,19.05,78.23,2022-06-21,LHD,city
Boston,02116,69.12,17.5,86.79,2022-06-21,LHD,city
Boston,02118,81.03,15.26,96.28,2022-06-21,LHD,city
Boston,02119,79.53,14.1,93.63,2022-06-21,LHD,city
Boston,02120,77.73,23.35,100,2022-06-21,LHD,city
Boston,02121,65.8,10.66,76.46,2022-06-21,LHD,city
Boston,02122,78.88,12.17,91.05,2022-06-21,LHD,city
Boston,02124,67.42,9.75,77.17,2022-06-21,LHD,city
Boston,02125,75.62,13.31,88.93,2022-06-21,LHD,city
Boston,02126,59.23,9.13,68.36,2022-06-21,LHD,city
Boston,02127,72.91,9.12,82.03,2022-06-21,LHD,city
Boston,02128,77.23,15.26,92.5,2022-06-21,LHD,city
Boston,02129,72.98,9.35,82.33,2022-06-21,LHD,city
Boston,02130,76.8,12.45,89.26,2022-06-21,LHD,city
Boston,02131,72.77,9.4,82.18,2022-06-21,LHD,city
Boston,02132,80.84,8.99,89.82,2022-06-21,LHD,city
Boston,02134,86.94,20.73,100,2022-06-21,LHD,city
Boston,02135,79.85,14.83,94.68,2022-06-21,LHD,city
Boston,02136,76.64,10.71,87.35,2022-06-21,LHD,city
Boston,02163,30.33,19.27,53.38,2022-06-21,LHD,city
Boston,02199,90.92,24.72,100,2022-06-21,LHD,city
Boston,02210,100,32.11,100,2022-06-21,LHD,city
Boston,02215,57.74,22.86,80.59,2022-06-21,LHD,city
Long Beach,90802,71.39,8.43,79.82,2022-05-10,LHD,city
Long Beach,90803,74.36,6.12,80.48,2022-05-10,LHD,city
Long Beach,90804,65.57,6.94,72.51,2022-05-10,LHD,city
Long Beach,90805,63.74,6.69,70.43,2022-05-10,LHD,city
Long Beach,90806,68.67,7.42,76.1,2022-05-10,LHD,city
Long Beach,90807,76.17,5.82,81.99,2022-05-10,LHD,city
Long Beach,90808,75.39,5.18,80.56,2022-05-10,LHD,city
Long Beach,90810,70.13,6.41,76.53,2022-05-10,LHD,city
Long Beach,90813,59.7,7.68,67.38,2022-05-10,LHD,city
Long Beach,90814,70.31,5.68,75.99,2022-05-10,LHD,city
Long Beach,90815,72.56,8.85,81.41,2022-05-10,LHD,city
Los Angeles,90001,73.57,23.02,96.58,2022-05-10,LHD,city
Los Angeles,90002,64.47,9.46,73.93,2022-05-10,LHD,city
Los Angeles,90003,64.38,10.85,75.24,2022-05-10,LHD,city
Los Angeles,90004,76.07,8.75,84.82,2022-05-10,LHD,city
Los Angeles,90005,72.22,10.11,82.32,2022-05-10,LHD,city
Los Angeles,90006,71.73,11.06,82.78,2022-05-10,LHD,city
Los Angeles,90007,81.88,12.61,94.48,2022-05-10,LHD,city
Los Angeles,90008,66.81,6.91,73.72,2022-05-10,LHD,city
Los Angeles,90010,100,19.75,100,2022-05-10,LHD,city
Los Angeles,90011,60.4,13.48,73.88,2022-05-10,LHD,city
Los Angeles,90012,85.97,13,98.97,2022-05-10,LHD,city
Los Angeles,90013,78.71,19.86,98.57,2022-05-10,LHD,city
Los Angeles,90014,85.32,16.38,100,2022-05-10,LHD,city
Los Angeles,90015,81.28,14.84,96.12,2022-05-10,LHD,city
Los Angeles,90016,75.73,8.29,84.02,2022-05-10,LHD,city
Los Angeles,90017,71.71,17.14,88.85,2022-05-10,LHD,city
Los Angeles,90018,67.22,9.4,76.63,2022-05-10,LHD,city
Los Angeles,90019,72.43,8.05,80.48,2022-05-10,LHD,city
Los Angeles,90020,77.55,9.65,87.2,2022-05-10,LHD,city
Los Angeles,90021,100,22.78,100,2022-05-10,LHD,city
Los Angeles,90023,72.74,10.13,82.87,2022-05-10,LHD,city
Los Angeles,90024,53.29,9.16,62.45,2022-05-10,LHD,city
Los Angeles,90025,74.59,7.84,82.44,2022-05-10,LHD,city
Los Angeles,90026,69.7,7.86,77.56,2022-05-10,LHD,city
Los Angeles,90027,77.48,7.73,85.21,2022-05-10,LHD,city
Los Angeles,90028,81.19,14.44,95.63,2022-05-10,LHD,city
Los Angeles,90029,71.71,8.32,80.03,2022-05-10,LHD,city
Los Angeles,90031,72.29,7.44,79.73,2022-05-10,LHD,city
Los Angeles,90032,68.42,6.19,74.62,2022-05-10,LHD,city
Los Angeles,90033,73.82,8.98,82.8,2022-05-10,LHD,city
Los Angeles,90034,82.59,7.58,90.17,2022-05-10,LHD,city
Los Angeles,90035,78.22,9.09,87.31,2022-05-10,LHD,city
Los Angeles,90036,76.67,10.56,87.23,2022-05-10,LHD,city
Los Angeles,90037,62.95,12.14,75.09,2022-05-10,LHD,city
Los Angeles,90038,72.36,8.81,81.18,2022-05-10,LHD,city
Los Angeles,90039,77.7,6.55,84.25,2022-05-10,LHD,city
Los Angeles,90041,72.9,5.72,78.62,2022-05-10,LHD,city
Los Angeles,90042,70.4,5.95,76.35,2022-05-10,LHD,city
Los Angeles,90043,68.23,7.23,75.46,2022-05-10,LHD,city
Los Angeles,90044,59.6,8.87,68.48,2022-05-10,LHD,city
Los Angeles,90045,99.18,13.16,100,2022-05-10,LHD,city
Los Angeles,90046,72.4,7.99,80.39,2022-05-10,LHD,city
Los Angeles,90047,65.43,7.22,72.65,2022-05-10,LHD,city
Los Angeles,90048,82.13,11.34,93.46,2022-05-10,LHD,city
Los Angeles,90049,79.57,7.96,87.53,2022-05-10,LHD,city
Los Angeles,90056,85.84,6.34,92.18,2022-05-10,LHD,city
Los Angeles,90057,60.35,10.07,70.42,2022-05-10,LHD,city
Los Angeles,90058,100,37.79,100,2022-05-10,LHD,city
Los Angeles,90059,58.62,8.81,67.43,2022-05-10,LHD,city
Los Angeles,90061,65.54,9.38,74.93,2022-05-10,LHD,city
Los Angeles,90062,63.92,8.48,72.39,2022-05-10,LHD,city
Los Angeles,90063,70.93,7.68,78.61,2022-05-10,LHD,city
Los Angeles,90064,90.13,8.07,98.2,2022-05-10,LHD,city
Los Angeles,90065,75.35,6.42,81.77,2022-05-10,LHD,city
Los Angeles,90066,74.23,6.34,80.57,2022-05-10,LHD,city
Los Angeles,90067,100,16.52,100,2022-05-10,LHD,city
Los Angeles,90068,82.46,9.51,91.97,2022-05-10,LHD,city
Los Angeles,90069,85.84,11.42,97.26,2022-05-10,LHD,city
Los Angeles,90071,100,100,100,2022-05-10,LHD,city
Los Angeles,90077,88.13,8.2,96.33,2022-05-10,LHD,city
Los Angeles,90094,77.19,7.81,84.99,2022-05-10,LHD,city
Los Angeles,90230,80.03,6.61,86.64,2022-05-10,LHD,city
Los Angeles,90247,73.01,7.13,80.14,2022-05-10,LHD,city
Los Angeles,90248,71.89,5.86,77.75,2022-05-10,LHD,city
Los Angeles,90272,87.65,8.03,95.68,2022-05-10,LHD,city
Los Angeles,90290,80.43,6.07,86.5,2022-05-10,LHD,city
Los Angeles,90291,78.36,9.15,87.51,2022-05-10,LHD,city
Los Angeles,90292,85.57,10.02,95.59,2022-05-10,LHD,city
Los Angeles,90293,73.18,6.45,79.63,2022-05-10,LHD,city
Los Angeles,90402,82.01,7.65,89.67,2022-05-10,LHD,city
Los Angeles,90501,77.64,7.15,84.79,2022-05-10,LHD,city
Los Angeles,90502,78.72,6.97,85.69,2022-05-10,LHD,city
Los Angeles,90710,67.94,6.16,74.1,2022-05-10,LHD,city
Los Angeles,90717,70.77,5.64,76.41,2022-05-10,LHD,city
Los Angeles,90731,73.35,19.28,92.63,2022-05-10,LHD,city
Los Angeles,90732,66.05,5.81,71.87,2022-05-10,LHD,city
Los Angeles,90744,63.41,8.24,71.65,2022-05-10,LHD,city
Oakland,94601,81.47,7.21,88.68,2022-05-10,LHD,city
Oakland,94602,83.4,5.39,88.79,2022-05-10,LHD,city
Oakland,94603,77.13,7.23,84.36,2022-05-10,LHD,city
Oakland,94605,76.63,6.67,83.3,2022-05-10,LHD,city
Oakland,94606,81.25,6.04,87.29,2022-05-10,LHD,city
Oakland,94607,79.51,6.8,86.31,2022-05-10,LHD,city
Oakland,94608,79.33,6.47,85.79,2022-05-10,LHD,city
Oakland,94609,76.09,6.61,82.7,2022-05-10,LHD,city
Oakland,94610,80.26,5.17,85.42,2022-05-10,LHD,city
Oakland,94611,90.56,6.16,96.72,2022-05-10,LHD,city
Oakland,94612,96.21,9.16,100,2022-05-10,LHD,city
Oakland,94618,85.3,5.37,90.67,2022-05-10,LHD,city
Oakland,94619,84.56,5.42,89.98,2022-05-10,LHD,city
Oakland,94621,74.09,8.19,82.27,2022-05-10,LHD,city
Oakland,94704,47.16,7.87,55.02,2022-05-10,LHD,city
Oakland,94705,88.88,7.45,96.33,2022-05-10,LHD,city
San Diego,92014,84.2,8.08,92.28,2022-05-10,LHD,city
San Diego,92025,64.89,6.82,71.71,2022-05-10,LHD,city
San Diego,92027,66.05,5.78,71.83,2022-05-10,LHD,city
San Diego,92029,77.3,5.74,83.04,2022-05-10,LHD,city
San Diego,92037,92.06,12.18,100,2022-05-10,LHD,city
San Diego,92071,61.69,5.3,66.99,2022-05-10,LHD,city
San Diego,92101,88,25.72,100,2022-05-10,LHD,city
San Diego,92102,74.55,7.56,82.11,2022-05-10,LHD,city
San Diego,92103,100,11.55,100,2022-05-10,LHD,city
San Diego,92104,75.1,7.35,82.45,2022-05-10,LHD,city
San Diego,92105,65.53,6.83,72.36,2022-05-10,LHD,city
San Diego,92106,69.99,8.95,78.94,2022-05-10,LHD,city
San Diego,92107,63.64,5.74,69.38,2022-05-10,LHD,city
San Diego,92108,86.01,36.18,100,2022-05-10,LHD,city
San Diego,92109,69.16,8.13,77.29,2022-05-10,LHD,city
San Diego,92110,67.71,15.37,83.09,2022-05-10,LHD,city
San Diego,92111,67.4,6.43,73.83,2022-05-10,LHD,city
San Diego,92113,65.39,7.97,73.36,2022-05-10,LHD,city
San Diego,92114,71.19,6.7,77.89,2022-05-10,LHD,city
San Diego,92115,62.02,8.15,70.17,2022-05-10,LHD,city
San Diego,92116,72.22,6.61,78.83,2022-05-10,LHD,city
San Diego,92117,68.6,5.36,73.96,2022-05-10,LHD,city
San Diego,92118,72.18,16.51,88.69,2022-05-10,LHD,city
San Diego,92119,72.3,5.14,77.44,2022-05-10,LHD,city
San Diego,92120,73.65,7.08,80.72,2022-05-10,LHD,city
San Diego,92121,93.87,12.46,100,2022-05-10,LHD,city
San Diego,92122,77.64,9.13,86.78,2022-05-10,LHD,city
San Diego,92123,85.89,9.77,95.67,2022-05-10,LHD,city
San Diego,92124,55.51,5.89,61.4,2022-05-10,LHD,city
San Diego,92126,71.63,5.61,77.24,2022-05-10,LHD,city
San Diego,92127,80.47,6.19,86.67,2022-05-10,LHD,city
San Diego,92128,75.74,5.61,81.35,2022-05-10,LHD,city
San Diego,92129,77.72,5.65,83.37,2022-05-10,LHD,city
San Diego,92130,91.42,9.28,100,2022-05-10,LHD,city
San Diego,92131,86.26,6.6,92.85,2022-05-10,LHD,city
San Diego,92139,71.15,6.71,77.86,2022-05-10,LHD,city
San Diego,92154,94.48,17.69,100,2022-05-10,LHD,city
San Diego,92173,100,41.79,100,2022-05-10,LHD,city
San Francisco,94102,95.74,14.55,100,2022-05-10,LHD,city
San Francisco,94103,96.57,13.7,100,2022-05-10,LHD,city
San Francisco,94105,100,17.74,100,2022-05-10,LHD,city
San Francisco,94107,85.64,9.38,95.01,2022-05-10,LHD,city
San Francisco,94108,76.5,11.41,87.92,2022-05-10,LHD,city
San Francisco,94109,76.21,8.02,84.24,2022-05-10,LHD,city
San Francisco,94110,85.93,6.83,92.76,2022-05-10,LHD,city
San Francisco,94111,100,13.24,100,2022-05-10,LHD,city
San Francisco,94112,91.31,4.81,96.12,2022-05-10,LHD,city
San Francisco,94114,79.99,6.85,86.84,2022-05-10,LHD,city
San Francisco,94115,82.83,7.77,90.61,2022-05-10,LHD,city
San Francisco,94116,85.13,3.93,89.05,2022-05-10,LHD,city
San Francisco,94117,68.06,6.17,74.23,2022-05-10,LHD,city
San Francisco,94118,76.47,5.68,82.14,2022-05-10,LHD,city
San Francisco,94121,81.97,4.69,86.66,2022-05-10,LHD,city
San Francisco,94122,78.77,4.48,83.25,2022-05-10,LHD,city
San Francisco,94123,74.09,8.12,82.21,2022-05-10,LHD,city
San Francisco,94124,98.44,7.28,100,2022-05-10,LHD,city
San Francisco,94127,84.71,5.01,89.72,2022-05-10,LHD,city
San Francisco,94129,64.46,6.21,70.67,2022-05-10,LHD,city
San Francisco,94130,55.92,5.42,61.34,2022-05-10,LHD,city
San Francisco,94131,81.54,5.39,86.93,2022-05-10,LHD,city
San Francisco,94132,68.1,4.66,72.76,2022-05-10,LHD,city
San Francisco,94133,81.76,9.65,91.41,2022-05-10,LHD,city
San Francisco,94134,94.38,5.21,99.58,2022-05-10,LHD,city
San Francisco,94158,98.75,11.32,100,2022-05-10,LHD,city
San Jose,95002,72.4,5.2,77.6,2022-05-10,LHD,city
San Jose,95008,86.15,5.41,91.56,2022-05-10,LHD,city
San Jose,95013,100,14.12,100,2022-05-10,LHD,city
San Jose,95037,81.74,5,86.74,2022-05-10,LHD,city
San Jose,95110,83.51,7.77,91.28,2022-05-10,LHD,city
San Jose,95111,81.88,5.88,87.76,2022-05-10,LHD,city
San Jose,95112,70.27,6.21,76.48,2022-05-10,LHD,city
San Jose,95113,100,22.02,100,2022-05-10,LHD,city
San Jose,95116,73.8,6.03,79.82,2022-05-10,LHD,city
San Jose,95117,77.68,6,83.68,2022-05-10,LHD,city
San Jose,95118,83.95,5.12,89.07,2022-05-10,LHD,city
San Jose,95119,92.37,5.74,98.12,2022-05-10,LHD,city
San Jose,95120,91.35,5.29,96.64,2022-05-10,LHD,city
San Jose,95121,90.79,5.76,96.55,2022-05-10,LHD,city
San Jose,95122,86.34,6.66,93,2022-05-10,LHD,city
San Jose,95123,81.77,5.06,86.83,2022-05-10,LHD,city
San Jose,95124,82.86,5.08,87.94,2022-05-10,LHD,city
San Jose,95125,85.05,5.59,90.64,2022-05-10,LHD,city
San Jose,95126,84.41,7.8,92.21,2022-05-10,LHD,city
San Jose,95127,78.86,5.81,84.67,2022-05-10,LHD,city
San Jose,95128,76.98,5.88,82.86,2022-05-10,LHD,city
San Jose,95129,90.88,6.17,97.05,2022-05-10,LHD,city
San Jose,95130,78.19,4.92,83.1,2022-05-10,LHD,city
San Jose,95131,86.17,5.95,92.12,2022-05-10,LHD,city
San Jose,95132,88.01,5.36,93.37,2022-05-10,LHD,city
San Jose,95133,88.67,6.44,95.12,2022-05-10,LHD,city
San Jose,95134,85.03,10.81,95.84,2022-05-10,LHD,city
San Jose,95135,89.08,5.57,94.65,2022-05-10,LHD,city
San Jose,95136,80.86,5.6,86.45,2022-05-10,LHD,city
San Jose,95138,82.8,5.32,88.12,2022-05-10,LHD,city
San Jose,95139,74.53,4.47,79,2022-05-10,LHD,city
San Jose,95148,86.56,5.44,92,2022-05-10,LHD,city
Chicago,60601,81.98,31.7,100,2022-06-16,LHD,city
Chicago,60602,100,61.75,100,2022-06-16,LHD,city
Chicago,60603,100,93.06,100,2022-06-16,LHD,city
Chicago,60604,100,29.89,100,2022-06-16,LHD,city
Chicago,60605,77.91,14.68,92.59,2022-06-16,LHD,city
Chicago,60606,100,36.63,100,2022-06-16,LHD,city
Chicago,60607,78.11,10.63,88.75,2022-06-16,LHD,city
Chicago,60608,66.29,5.66,71.96,2022-06-16,LHD,city
Chicago,60609,67.64,7.14,74.78,2022-06-16,LHD,city
Chicago,60610,73.5,10.62,84.12,2022-06-16,LHD,city
Chicago,60611,81.7,22.31,100,2022-06-16,LHD,city
Chicago,60612,63.19,8.29,71.48,2022-06-16,LHD,city
Chicago,60613,77.7,8.05,85.75,2022-06-16,LHD,city
Chicago,60614,69.33,8.68,78.01,2022-06-16,LHD,city
Chicago,60615,70.33,9.4,79.74,2022-06-16,LHD,city
Chicago,60616,72.36,8.17,80.53,2022-06-16,LHD,city
Chicago,60617,56.36,6.36,62.71,2022-06-16,LHD,city
Chicago,60618,74.03,6.45,80.48,2022-06-16,LHD,city
Chicago,60619,56.23,6.01,62.24,2022-06-16,LHD,city
Chicago,60620,54.46,6.01,60.47,2022-06-16,LHD,city
Chicago,60621,49.99,7.16,57.15,2022-06-16,LHD,city
Chicago,60622,75.36,7.94,83.3,2022-06-16,LHD,city
Chicago,60623,69.37,7.34,76.71,2022-06-16,LHD,city
Chicago,60624,57.55,7.66,65.22,2022-06-16,LHD,city
Chicago,60625,74.65,6.57,81.22,2022-06-16,LHD,city
Chicago,60626,70.09,7.01,77.1,2022-06-16,LHD,city
Chicago,60628,55.47,6.6,62.07,2022-06-16,LHD,city
Chicago,60629,76.01,6.39,82.4,2022-06-16,LHD,city
Chicago,60630,70.89,4.53,75.42,2022-06-16,LHD,city
Chicago,60631,73.09,4.48,77.57,2022-06-16,LHD,city
Chicago,60632,74.85,5.91,80.76,2022-06-16,LHD,city
Chicago,60633,46.8,5.87,52.67,2022-06-16,LHD,city
Chicago,60634,69.87,4.93,74.81,2022-06-16,LHD,city
Chicago,60636,62.63,8.51,71.13,2022-06-16,LHD,city
Chicago,60637,56.32,8.1,64.42,2022-06-16,LHD,city
Chicago,60638,66.23,4.19,70.41,2022-06-16,LHD,city
Chicago,60639,75.31,7.67,82.97,2022-06-16,LHD,city
Chicago,60640,75.07,7.64,82.71,2022-06-16,LHD,city
Chicago,60641,74.49,6.1,80.59,2022-06-16,LHD,city
Chicago,60642,79.38,8.48,87.86,2022-06-16,LHD,city
Chicago,60643,66.12,5.76,71.88,2022-06-16,LHD,city
Chicago,60644,53.16,6.92,60.08,2022-06-16,LHD,city
Chicago,60645,74.55,6.59,81.14,2022-06-16,LHD,city
Chicago,60646,74.05,4.58,78.63,2022-06-16,LHD,city
Chicago,60647,74.06,7.62,81.68,2022-06-16,LHD,city
Chicago,60649,50.32,5.84,56.16,2022-06-16,LHD,city
Chicago,60651,63.43,6.76,70.19,2022-06-16,LHD,city
Chicago,60652,69.93,5.17,75.1,2022-06-16,LHD,city
Chicago,60653,56.38,6.05,62.43,2022-06-16,LHD,city
Chicago,60654,82.76,18.54,100,2022-06-16,LHD,city
Chicago,60655,65.6,3.7,69.3,2022-06-16,LHD,city
Chicago,60656,64.33,4.09,68.42,2022-06-16,LHD,city
Chicago,60657,75.33,8.36,83.7,2022-06-16,LHD,city
Chicago,60659,71.88,6.38,78.26,2022-06-16,LHD,city
Chicago,60660,71.23,6.74,77.97,2022-06-16,LHD,city
Chicago,60661,84.94,12.71,97.65,2022-06-16,LHD,city
Chicago,60707,19.07,2.43,21.5,2022-06-16,LHD,city
Chicago,60827,6.76,1.14,7.9,2022-06-16,LHD,city
Indianapolis,46113,52.45,51.22,56.34,2022-07-06,LHD,city
Indianapolis,46201,49.87,49.76,55.26,2022-07-06,LHD,city
Indianapolis,46202,64.78,64.37,71.68,2022-07-06,LHD,city
Indianapolis,46203,47.82,47.62,52.16,2022-07-06,LHD,city
Indianapolis,46204,71.37,68.42,80.73,2022-07-06,LHD,city
Indianapolis,46205,63.41,61.97,68.2,2022-07-06,LHD,city
Indianapolis,46208,54.08,53.62,58.81,2022-07-06,LHD,city
Indianapolis,46214,58.44,58.16,63.81,2022-07-06,LHD,city
Indianapolis,46217,59.22,58.66,62.89,2022-07-06,LHD,city
Indianapolis,46218,47.08,48.69,52.87,2022-07-06,LHD,city
Indianapolis,46219,55.95,55.44,60.3,2022-07-06,LHD,city
Indianapolis,46220,73.43,71.21,77.64,2022-07-06,LHD,city
Indianapolis,46221,48.35,47.17,52.56,2022-07-06,LHD,city
Indianapolis,46222,48.64,49.48,55.03,2022-07-06,LHD,city
Indianapolis,46224,57.15,57.41,63.93,2022-07-06,LHD,city
Indianapolis,46225,57.41,57.7,63.91,2022-07-06,LHD,city
Indianapolis,46226,48.31,49.57,53.4,2022-07-06,LHD,city
Indianapolis,46227,61.09,61.93,66.12,2022-07-06,LHD,city
Indianapolis,46228,65.44,64.95,69.73,2022-07-06,LHD,city
Indianapolis,46229,52.62,52.53,56.69,2022-07-06,LHD,city
Indianapolis,46231,63.31,62.22,67.36,2022-07-06,LHD,city
Indianapolis,46234,64.69,62.53,68.72,2022-07-06,LHD,city
Indianapolis,46235,48.39,50.36,53.89,2022-07-06,LHD,city
Indianapolis,46236,66.74,65.46,70.87,2022-07-06,LHD,city
Indianapolis,46237,70.61,70.33,75.13,2022-07-06,LHD,city
Indianapolis,46239,62.06,60.86,65.78,2022-07-06,LHD,city
Indianapolis,46240,74.24,73.34,78.97,2022-07-06,LHD,city
Indianapolis,46241,46.1,45.95,50.94,2022-07-06,LHD,city
Indianapolis,46250,70.39,69.84,75.08,2022-07-06,LHD,city
Indianapolis,46254,55.7,56.8,61.39,2022-07-06,LHD,city
Indianapolis,46256,67.89,65.74,71.24,2022-07-06,LHD,city
Indianapolis,46259,82.46,79.71,86.24,2022-07-06,LHD,city
Indianapolis,46260,63.05,63.41,67.41,2022-07-06,LHD,city
Indianapolis,46268,66.89,67.28,71.63,2022-07-06,LHD,city
Indianapolis,46278,81.3,80.75,88.32,2022-07-06,LHD,city
Minneapolis,55401,94.02,7.17,100,2022-06-29,LHD,city
Minneapolis,55402,100,17.75,100,2022-06-29,LHD,city
Minneapolis,55403,73.44,5.59,79.04,2022-06-29,LHD,city
Minneapolis,55404,67.53,7.93,75.46,2022-06-29,LHD,city
Minneapolis,55405,71.85,4.32,76.17,2022-06-29,LHD,city
Minneapolis,55406,82.99,3.55,86.54,2022-06-29,LHD,city
Minneapolis,55407,70.71,5.18,75.89,2022-06-29,LHD,city
Minneapolis,55408,78.29,6.53,84.82,2022-06-29,LHD,city
Minneapolis,55409,84.71,3.97,88.68,2022-06-29,LHD,city
Minneapolis,55410,87.59,3.41,91.01,2022-06-29,LHD,city
Minneapolis,55411,54.32,6.27,60.59,2022-06-29,LHD,city
Minneapolis,55412,61.2,4.62,65.82,2022-06-29,LHD,city
Minneapolis,55413,73.61,4.47,78.09,2022-06-29,LHD,city
Minneapolis,55414,53.75,5.73,59.48,2022-06-29,LHD,city
Minneapolis,55415,87.54,9.24,96.78,2022-06-29,LHD,city
Minneapolis,55416,81.85,3.74,85.59,2022-06-29,LHD,city
Minneapolis,55417,79.72,2.59,82.3,2022-06-29,LHD,city
Minneapolis,55418,81.94,3.81,85.75,2022-06-29,LHD,city
Minneapolis,55419,83.22,3.16,86.38,2022-06-29,LHD,city
Minneapolis,55430,70.58,4.71,75.3,2022-06-29,LHD,city
Minneapolis,55454,44.2,6.74,50.95,2022-06-29,LHD,city
Minneapolis,55455,47.76,15.03,62.79,2022-06-29,LHD,city
New York City,10001,100,37.28,100,2022-07-05,LHD,city
New York City,10002,91.16,10.89,100,2022-07-05,LHD,city
New York City,10003,77.22,13.29,90.5,2022-07-05,LHD,city
New York City,10004,100,29.88,100,2022-07-05,LHD,city
New York City,10005,98.04,19.64,100,2022-07-05,LHD,city
New York City,10006,100,35.28,100,2022-07-05,LHD,city
New York City,10007,100,18.94,100,2022-07-05,LHD,city
New York City,10009,81.96,10.28,92.24,2022-07-05,LHD,city
New York City,10010,80.66,11.21,91.87,2022-07-05,LHD,city
New York City,10011,85.2,11.85,97.06,2022-07-05,LHD,city
New York City,10012,77.73,12.26,89.99,2022-07-05,LHD,city
New York City,10013,89.5,14.31,100,2022-07-05,LHD,city
New York City,10014,84.32,11.89,96.21,2022-07-05,LHD,city
New York City,10016,96.32,15.34,100,2022-07-05,LHD,city
New York City,10017,100,31.48,100,2022-07-05,LHD,city
New York City,10018,100,80.43,100,2022-07-05,LHD,city
New York City,10019,100,34.79,100,2022-07-05,LHD,city
New York City,10021,81.24,9.05,90.29,2022-07-05,LHD,city
New York City,10022,97.62,18.97,100,2022-07-05,LHD,city
New York City,10023,88.94,11.72,100,2022-07-05,LHD,city
New York City,10024,84.84,9.47,94.31,2022-07-05,LHD,city
New York City,10025,82.66,10.69,93.36,2022-07-05,LHD,city
New York City,10026,70.69,8.79,79.49,2022-07-05,LHD,city
New York City,10027,72.13,12.95,85.07,2022-07-05,LHD,city
New York City,10028,80.26,8.49,88.75,2022-07-05,LHD,city
New York City,10029,78.63,8.53,87.16,2022-07-05,LHD,city
New York City,10030,68.11,8.83,76.95,2022-07-05,LHD,city
New York City,10031,72.44,8.86,81.29,2022-07-05,LHD,city
New York City,10032,73.4,8.69,82.09,2022-07-05,LHD,city
New York City,10033,70.24,7.77,78.01,2022-07-05,LHD,city
New York City,10034,70.28,7.36,77.64,2022-07-05,LHD,city
New York City,10035,79.19,10.24,89.44,2022-07-05,LHD,city
New York City,10036,100,51.13,100,2022-07-05,LHD,city
New York City,10037,73.77,9.91,83.69,2022-07-05,LHD,city
New York City,10038,88.11,15.68,100,2022-07-05,LHD,city
New York City,10039,69.65,8.86,78.51,2022-07-05,LHD,city
New York City,10040,71.63,7.75,79.38,2022-07-05,LHD,city
New York City,10044,85.53,11.13,96.66,2022-07-05,LHD,city
New York City,10065,89.21,13.84,100,2022-07-05,LHD,city
New York City,10069,100,11.52,100,2022-07-05,LHD,city
New York City,10075,95.35,11.14,100,2022-07-05,LHD,city
New York City,10128,86.53,9.5,96.03,2022-07-05,LHD,city
New York City,10280,75.84,9.47,85.31,2022-07-05,LHD,city
New York City,10282,80.17,10.7,90.87,2022-07-05,LHD,city
New York City,10301,77.78,8.31,86.09,2022-07-05,LHD,city
New York City,10302,79.45,10.14,89.6,2022-07-05,LHD,city
New York City,10303,74.8,7.53,82.33,2022-07-05,LHD,city
New York City,10304,79.99,8.05,88.04,2022-07-05,LHD,city
New York City,10305,79.05,6.53,85.58,2022-07-05,LHD,city
New York City,10306,81.74,5.45,87.19,2022-07-05,LHD,city
New York City,10307,63.24,3.92,67.15,2022-07-05,LHD,city
New York City,10308,67.82,4.28,72.09,2022-07-05,LHD,city
New York City,10309,69.89,4.81,74.7,2022-07-05,LHD,city
New York City,10310,81.01,8.02,89.03,2022-07-05,LHD,city
New York City,10312,72.05,4.47,76.51,2022-07-05,LHD,city
New York City,10314,72.09,5.3,77.39,2022-07-05,LHD,city
New York City,10451,83.64,9.79,93.43,2022-07-05,LHD,city
New York City,10452,78.51,9.46,87.97,2022-07-05,LHD,city
New York City,10453,74.85,9.52,84.37,2022-07-05,LHD,city
New York City,10454,76.42,10.26,86.68,2022-07-05,LHD,city
New York City,10455,75.83,9.6,85.43,2022-07-05,LHD,city
New York City,10456,71.66,9.36,81.02,2022-07-05,LHD,city
New York City,10457,75.1,10.72,85.82,2022-07-05,LHD,city
New York City,10458,71.87,9.06,80.93,2022-07-05,LHD,city
New York City,10459,76.14,9.35,85.49,2022-07-05,LHD,city
New York City,10460,72.11,9.36,81.47,2022-07-05,LHD,city
New York City,10461,84.14,7.03,91.17,2022-07-05,LHD,city
New York City,10462,85.92,7.84,93.76,2022-07-05,LHD,city
New York City,10463,77.54,7.43,84.97,2022-07-05,LHD,city
New York City,10464,81.23,6.39,87.62,2022-07-05,LHD,city
New York City,10465,69.27,5.72,74.98,2022-07-05,LHD,city
New York City,10466,68.27,7.06,75.33,2022-07-05,LHD,city
New York City,10467,74.24,8.18,82.42,2022-07-05,LHD,city
New York City,10468,72.47,8.76,81.22,2022-07-05,LHD,city
New York City,10469,68.46,6.69,75.14,2022-07-05,LHD,city
New York City,10470,74.85,6.98,81.84,2022-07-05,LHD,city
New York City,10471,82.45,7.7,90.15,2022-07-05,LHD,city
New York City,10472,76.98,9.23,86.22,2022-07-05,LHD,city
New York City,10473,74.17,7.72,81.89,2022-07-05,LHD,city
New York City,10474,71.34,10.06,81.4,2022-07-05,LHD,city
New York City,10475,73.09,5.04,78.13,2022-07-05,LHD,city
New York City,11004,79.54,4.86,84.4,2022-07-05,LHD,city
New York City,11101,100,19.37,100,2022-07-05,LHD,city
New York City,11102,97.04,9.39,100,2022-07-05,LHD,city
New York City,11103,85.69,8,93.69,2022-07-05,LHD,city
New York City,11104,91.95,7.78,99.74,2022-07-05,LHD,city
New York City,11105,78.01,6.55,84.56,2022-07-05,LHD,city
New York City,11106,88.34,8.58,96.92,2022-07-05,LHD,city
New York City,11109,100,13.69,100,2022-07-05,LHD,city
New York City,11201,91.22,11.71,100,2022-07-05,LHD,city
New York City,11203,72.79,6.97,79.76,2022-07-05,LHD,city
New York City,11204,68.89,6.07,74.96,2022-07-05,LHD,city
New York City,11205,59.2,7.51,66.71,2022-07-05,LHD,city
New York City,11206,61.48,7.59,69.07,2022-07-05,LHD,city
New York City,11207,71.31,8.89,80.2,2022-07-05,LHD,city
New York City,11208,73.19,8.8,81.99,2022-07-05,LHD,city
New York City,11209,80.47,6.23,86.69,2022-07-05,LHD,city
New York City,11210,61.81,5.61,67.43,2022-07-05,LHD,city
New York City,11211,59.14,7.32,66.46,2022-07-05,LHD,city
New York City,11212,76.02,9.78,85.79,2022-07-05,LHD,city
New York City,11213,62.8,7.61,70.41,2022-07-05,LHD,city
New York City,11214,78.46,6.73,85.19,2022-07-05,LHD,city
New York City,11215,81.12,7.54,88.66,2022-07-05,LHD,city
New York City,11216,74.97,9.27,84.23,2022-07-05,LHD,city
New York City,11217,78.36,9.5,87.86,2022-07-05,LHD,city
New York City,11218,71.82,6.02,77.85,2022-07-05,LHD,city
New York City,11219,53.64,5.5,59.14,2022-07-05,LHD,city
New York City,11220,100,12.1,100,2022-07-05,LHD,city
New York City,11221,74.33,10.04,84.37,2022-07-05,LHD,city
New York City,11222,88.16,10.04,98.2,2022-07-05,LHD,city
New York City,11223,65.85,5.75,71.6,2022-07-05,LHD,city
New York City,11224,65.25,6.54,71.78,2022-07-05,LHD,city
New York City,11225,71.98,7.03,79.02,2022-07-05,LHD,city
New York City,11226,78.06,8.48,86.53,2022-07-05,LHD,city
New York City,11228,77.55,5.46,83.01,2022-07-05,LHD,city
New York City,11229,67.2,4.9,72.1,2022-07-05,LHD,city
New York City,11230,59.84,5.74,65.57,2022-07-05,LHD,city
New York City,11231,76.8,7.23,84.03,2022-07-05,LHD,city
New York City,11232,81.61,8.68,90.3,2022-07-05,LHD,city
New York City,11233,62.22,7.93,70.15,2022-07-05,LHD,city
New York City,11234,65.69,4.92,70.61,2022-07-05,LHD,city
New York City,11235,75.46,5.86,81.33,2022-07-05,LHD,city
New York City,11236,67.58,6.35,73.93,2022-07-05,LHD,city
New York City,11237,81.24,11.93,93.17,2022-07-05,LHD,city
New York City,11238,87.21,8.97,96.19,2022-07-05,LHD,city
New York City,11239,97.39,8.46,100,2022-07-05,LHD,city
New York City,11354,99.48,9.56,100,2022-07-05,LHD,city
New York City,11355,100,11.18,100,2022-07-05,LHD,city
New York City,11356,100,10.7,100,2022-07-05,LHD,city
New York City,11357,85.96,6.38,92.33,2022-07-05,LHD,city
New York City,11358,96.6,7.56,100,2022-07-05,LHD,city
New York City,11360,85.59,5.65,91.25,2022-07-05,LHD,city
New York City,11361,93.48,6.99,100,2022-07-05,LHD,city
New York City,11362,85.12,6.11,91.23,2022-07-05,LHD,city
New York City,11363,88.15,6.19,94.34,2022-07-05,LHD,city
New York City,11364,88.79,5.99,94.77,2022-07-05,LHD,city
New York City,11365,87.37,7.25,94.62,2022-07-05,LHD,city
New York City,11366,80.52,6.74,87.26,2022-07-05,LHD,city
New York City,11367,74.42,6.7,81.12,2022-07-05,LHD,city
New York City,11368,94.56,13.24,100,2022-07-05,LHD,city
New York City,11369,98.36,11.8,100,2022-07-05,LHD,city
New York City,11370,77.72,7.54,85.26,2022-07-05,LHD,city
New York City,11372,100,11.11,100,2022-07-05,LHD,city
New York City,11373,100,10.45,100,2022-07-05,LHD,city
New York City,11374,87.35,6.61,93.96,2022-07-05,LHD,city
New York City,11375,78.83,5.6,84.43,2022-07-05,LHD,city
New York City,11377,93.92,8.53,100,2022-07-05,LHD,city
New York City,11378,80.61,7,87.61,2022-07-05,LHD,city
New York City,11379,76.01,5.13,81.14,2022-07-05,LHD,city
New York City,11385,73.79,7.69,81.48,2022-07-05,LHD,city
New York City,11411,69,6.09,75.08,2022-07-05,LHD,city
New York City,11412,71.63,7.12,78.75,2022-07-05,LHD,city
New York City,11413,67.37,6.18,73.55,2022-07-05,LHD,city
New York City,11414,68.29,4.69,72.98,2022-07-05,LHD,city
New York City,11415,78.73,6.4,85.13,2022-07-05,LHD,city
New York City,11416,85.73,7.59,93.32,2022-07-05,LHD,city
New York City,11417,84.24,6.94,91.18,2022-07-05,LHD,city
New York City,11418,82.42,8.1,90.52,2022-07-05,LHD,city
New York City,11419,86.54,7.44,93.98,2022-07-05,LHD,city
New York City,11420,82.31,6.27,88.58,2022-07-05,LHD,city
New York City,11421,86.85,8.01,94.86,2022-07-05,LHD,city
New York City,11422,69.18,6.83,76.01,2022-07-05,LHD,city
New York City,11423,82.37,6.84,89.21,2022-07-05,LHD,city
New York City,11426,78.83,6.07,84.89,2022-07-05,LHD,city
New York City,11427,90.66,6.97,97.62,2022-07-05,LHD,city
New York City,11428,89.55,7.61,97.16,2022-07-05,LHD,city
New York City,11429,68.97,6.16,75.13,2022-07-05,LHD,city
New York City,11432,92.31,8.94,100,2022-07-05,LHD,city
New York City,11433,76.23,8,84.23,2022-07-05,LHD,city
New York City,11434,70.5,7.6,78.1,2022-07-05,LHD,city
New York City,11435,79.08,7.25,86.33,2022-07-05,LHD,city
New York City,11436,78.01,7.69,85.7,2022-07-05,LHD,city
New York City,11691,56.44,7.55,63.99,2022-07-05,LHD,city
New York City,11692,64.45,7.38,71.84,2022-07-05,LHD,city
New York City,11693,65.14,5.77,70.9,2022-07-05,LHD,city
New York City,11694,67.55,4.63,72.18,2022-07-05,LHD,city
New York City,11697,100,5.63,100,2022-07-05,LHD,city
Philadelphia,19102,86.63,29.57,100,2022-07-05,LHD,city
Philadelphia,19103,79.21,23.52,100,2022-07-05,LHD,city
Philadelphia,19104,60.55,16.16,76.71,2022-07-05,LHD,city
Philadelphia,19106,72.35,19.08,91.42,2022-07-05,LHD,city
Philadelphia,19107,82.08,22.55,100,2022-07-05,LHD,city
Philadelphia,19109,100,100,100,2022-07-05,LHD,city
Philadelphia,19111,61.68,10.23,71.91,2022-07-05,LHD,city
Philadelphia,19112,100,100,100,2022-07-05,LHD,city
Philadelphia,19114,63.16,9.11,72.27,2022-07-05,LHD,city
Philadelphia,19115,65.59,9.82,75.4,2022-07-05,LHD,city
Philadelphia,19116,57.86,9,66.86,2022-07-05,LHD,city
Philadelphia,19118,67.01,11.41,78.42,2022-07-05,LHD,city
Philadelphia,19119,68.94,10.9,79.85,2022-07-05,LHD,city
Philadelphia,19120,56.13,10.34,66.47,2022-07-05,LHD,city
Philadelphia,19121,64.86,12.51,77.36,2022-07-05,LHD,city
Philadelphia,19122,61.47,13.62,75.09,2022-07-05,LHD,city
Philadelphia,19123,70.6,19.03,89.63,2022-07-05,LHD,city
Philadelphia,19124,56.35,10.16,66.5,2022-07-05,LHD,city
Philadelphia,19125,65.6,14.1,79.71,2022-07-05,LHD,city
Philadelphia,19126,62.61,9.53,72.14,2022-07-05,LHD,city
Philadelphia,19127,71.09,15.57,86.67,2022-07-05,LHD,city
Philadelphia,19128,68.15,11.24,79.4,2022-07-05,LHD,city
Philadelphia,19129,67.29,12.71,80,2022-07-05,LHD,city
Philadelphia,19130,74.94,20.13,95.07,2022-07-05,LHD,city
Philadelphia,19131,55.42,9.05,64.47,2022-07-05,LHD,city
Philadelphia,19132,61.6,11.11,72.71,2022-07-05,LHD,city
Philadelphia,19133,54.27,11.5,65.76,2022-07-05,LHD,city
Philadelphia,19134,52.84,10.43,63.27,2022-07-05,LHD,city
Philadelphia,19135,54.2,8.95,63.16,2022-07-05,LHD,city
Philadelphia,19136,62.79,10.53,73.32,2022-07-05,LHD,city
Philadelphia,19137,55.16,9.86,65.02,2022-07-05,LHD,city
Philadelphia,19138,58.02,8.69,66.72,2022-07-05,LHD,city
Philadelphia,19139,53.69,8.95,62.65,2022-07-05,LHD,city
Philadelphia,19140,59.08,10.97,70.05,2022-07-05,LHD,city
Philadelphia,19141,49.39,8.08,57.47,2022-07-05,LHD,city
Philadelphia,19142,59.04,10.85,69.89,2022-07-05,LHD,city
Philadelphia,19143,61.22,9.69,70.9,2022-07-05,LHD,city
Philadelphia,19144,57.67,9.88,67.55,2022-07-05,LHD,city
Philadelphia,19145,70.15,12.06,82.2,2022-07-05,LHD,city
Philadelphia,19146,79.31,16.58,95.89,2022-07-05,LHD,city
Philadelphia,19147,79.88,17.02,96.9,2022-07-05,LHD,city
Philadelphia,19148,73.59,13.87,87.46,2022-07-05,LHD,city
Philadelphia,19149,66.4,16.67,83.07,2022-07-05,LHD,city
Philadelphia,19150,69.07,8.87,77.94,2022-07-05,LHD,city
Philadelphia,19151,55.84,7.96,63.81,2022-07-05,LHD,city
Philadelphia,19152,65.25,12.73,77.98,2022-07-05,LHD,city
Philadelphia,19153,60.24,8.32,68.56,2022-07-05,LHD,city
Philadelphia,19154,60.72,8.32,69.04,2022-07-05,LHD,city
Austin,78617,57.62,14.97,72.59,2022-06-19,LHD,city
Austin,78653,82.35,14.32,96.67,2022-06-19,LHD,city
Austin,78701,88.54,22.59,100,2022-06-19,LHD,city
Austin,78702,77.98,14.16,92.14,2022-06-19,LHD,city
Austin,78703,89.37,12.04,100,2022-06-19,LHD,city
Austin,78704,73.37,11.42,84.79,2022-06-19,LHD,city
Austin,78705,43.84,8.55,52.4,2022-06-19,LHD,city
Austin,78712,24.32,14.55,38.86,2022-06-19,LHD,city
Austin,78717,94.25,13.34,100,2022-06-19,LHD,city
Austin,78719,74.49,17.96,92.45,2022-06-19,LHD,city
Austin,78721,60.33,10.33,70.66,2022-06-19,LHD,city
Austin,78722,75.96,9.4,85.36,2022-06-19,LHD,city
Austin,78723,64.85,10.62,75.47,2022-06-19,LHD,city
Austin,78724,68.95,15.01,83.96,2022-06-19,LHD,city
Austin,78725,80.58,12.42,93,2022-06-19,LHD,city
Austin,78726,76.18,9.53,85.71,2022-06-19,LHD,city
Austin,78727,74.28,9.76,84.04,2022-06-19,LHD,city
Austin,78728,78.12,11.29,89.42,2022-06-19,LHD,city
Austin,78729,74.92,9.67,84.59,2022-06-19,LHD,city
Austin,78730,72.09,9.44,81.53,2022-06-19,LHD,city
Austin,78731,84.31,9.41,93.71,2022-06-19,LHD,city
Austin,78732,76.37,10.27,86.64,2022-06-19,LHD,city
Austin,78733,80.24,9.7,89.94,2022-06-19,LHD,city
Austin,78735,82.42,11.52,93.94,2022-06-19,LHD,city
Austin,78736,67.02,7.68,74.7,2022-06-19,LHD,city
Austin,78739,82.56,8.83,91.39,2022-06-19,LHD,city
Austin,78741,57.18,12.93,70.11,2022-06-19,LHD,city
Austin,78742,55.13,12.74,67.87,2022-06-19,LHD,city
Austin,78744,63.54,12.92,76.46,2022-06-19,LHD,city
Austin,78745,67.7,9.78,77.48,2022-06-19,LHD,city
Austin,78746,82.13,11.64,93.77,2022-06-19,LHD,city
Austin,78747,71.05,11.52,82.57,2022-06-19,LHD,city
Austin,78748,73.53,9.75,83.28,2022-06-19,LHD,city
Austin,78749,71.89,8.27,80.15,2022-06-19,LHD,city
Austin,78750,68.56,8.2,76.76,2022-06-19,LHD,city
Austin,78751,80.56,12.11,92.67,2022-06-19,LHD,city
Austin,78752,60.41,12.33,72.74,2022-06-19,LHD,city
Austin,78753,57.26,12.99,70.24,2022-06-19,LHD,city
Austin,78754,73.14,12.2,85.34,2022-06-19,LHD,city
Austin,78756,76.87,9.88,86.75,2022-06-19,LHD,city
Austin,78757,73.83,8.41,82.24,2022-06-19,LHD,city
Austin,78758,65.87,12.87,78.74,2022-06-19,LHD,city
Austin,78759,77.7,9.48,87.18,2022-06-19,LHD,city
Dallas,75051,50.86,9.51,60.37,2022-06-19,LHD,city
Dallas,75201,89.7,21.49,100,2022-06-19,LHD,city
Dallas,75202,100,43.34,100,2022-06-19,LHD,city
Dallas,75203,43.87,9.02,52.89,2022-06-19,LHD,city
Dallas,75204,73.26,12.16,85.42,2022-06-19,LHD,city
Dallas,75205,68.12,10.34,78.46,2022-06-19,LHD,city
Dallas,75206,72.47,10.33,82.8,2022-06-19,LHD,city
Dallas,75207,47.13,13.52,60.65,2022-06-19,LHD,city
Dallas,75208,69.99,10.74,80.82,2022-06-19,LHD,city
Dallas,75209,72.95,9.91,82.86,2022-06-19,LHD,city
Dallas,75210,41.78,9.25,51.03,2022-06-19,LHD,city
Dallas,75211,53.49,9.22,62.71,2022-06-19,LHD,city
Dallas,75212,56.15,9.24,65.39,2022-06-19,LHD,city
Dallas,75214,72.92,9.08,82,2022-06-19,LHD,city
Dallas,75215,48.14,9.28,57.42,2022-06-19,LHD,city
Dallas,75216,49.82,9.36,59.18,2022-06-19,LHD,city
Dallas,75217,49,9.24,58.25,2022-06-19,LHD,city
Dallas,75218,72.06,8.7,80.75,2022-06-19,LHD,city
Dallas,75219,80.97,12.22,93.19,2022-06-19,LHD,city
Dallas,75220,52.91,10.41,63.33,2022-06-19,LHD,city
Dallas,75223,57.59,9.46,67.06,2022-06-19,LHD,city
Dallas,75224,48.19,7.86,56.05,2022-06-19,LHD,city
Dallas,75225,81.68,11.23,92.92,2022-06-19,LHD,city
Dallas,75226,65.41,12.36,77.77,2022-06-19,LHD,city
Dallas,75227,51.98,9.35,61.33,2022-06-19,LHD,city
Dallas,75228,50.96,8.81,59.77,2022-06-19,LHD,city
Dallas,75229,70.47,10.63,81.1,2022-06-19,LHD,city
Dallas,75230,75.98,10.95,86.92,2022-06-19,LHD,city
Dallas,75231,56.66,11.48,68.14,2022-06-19,LHD,city
Dallas,75232,53.33,8.51,61.84,2022-06-19,LHD,city
Dallas,75233,47.15,6.94,54.1,2022-06-19,LHD,city
Dallas,75234,65.49,10.81,76.3,2022-06-19,LHD,city
Dallas,75235,77.89,12.46,90.36,2022-06-19,LHD,city
Dallas,75236,48.87,8.35,57.23,2022-06-19,LHD,city
Dallas,75237,32.23,6.25,38.48,2022-06-19,LHD,city
Dallas,75238,58.57,8.03,66.61,2022-06-19,LHD,city
Dallas,75240,55.95,13.43,69.38,2022-06-19,LHD,city
Dallas,75241,50.41,8.44,58.85,2022-06-19,LHD,city
Dallas,75243,48.42,8.75,57.17,2022-06-19,LHD,city
Dallas,75244,74.88,12.65,87.52,2022-06-19,LHD,city
Dallas,75246,61.27,11.41,72.68,2022-06-19,LHD,city
Dallas,75247,100,73.23,100,2022-06-19,LHD,city
Dallas,75248,70.54,9.45,79.99,2022-06-19,LHD,city
Dallas,75249,48.36,6.95,55.31,2022-06-19,LHD,city
Dallas,75251,90.84,17.69,100,2022-06-19,LHD,city
Dallas,75252,74.51,11.19,85.7,2022-06-19,LHD,city
Dallas,75253,45.64,8.83,54.46,2022-06-19,LHD,city
Dallas,75254,55.89,10.05,65.94,2022-06-19,LHD,city
Dallas,75287,57.16,10.08,67.25,2022-06-19,LHD,city
Fort Worth,76028,53.11,6.53,59.65,2022-06-19,LHD,city
Fort Worth,76036,65.04,8.6,73.64,2022-06-19,LHD,city
Fort Worth,76040,69.72,8.82,78.54,2022-06-19,LHD,city
Fort Worth,76052,64.29,8.2,72.49,2022-06-19,LHD,city
Fort Worth,76102,73.14,12.96,86.1,2022-06-19,LHD,city
Fort Worth,76103,53.09,8.08,61.16,2022-06-19,LHD,city
Fort Worth,76104,60.55,10.8,71.35,2022-06-19,LHD,city
Fort Worth,76105,53.14,8.56,61.7,2022-06-19,LHD,city
Fort Worth,76106,47.98,7.79,55.77,2022-06-19,LHD,city
Fort Worth,76107,65.91,9.02,74.93,2022-06-19,LHD,city
Fort Worth,76108,55.61,7.02,62.63,2022-06-19,LHD,city
Fort Worth,76109,69.47,8.29,77.76,2022-06-19,LHD,city
Fort Worth,76110,56.17,7.97,64.14,2022-06-19,LHD,city
Fort Worth,76111,57.2,7.83,65.03,2022-06-19,LHD,city
Fort Worth,76112,48.94,7.39,56.33,2022-06-19,LHD,city
Fort Worth,76114,53.15,7.86,61.01,2022-06-19,LHD,city
Fort Worth,76115,52.5,8.68,61.18,2022-06-19,LHD,city
Fort Worth,76116,51.83,6.93,58.76,2022-06-19,LHD,city
Fort Worth,76117,53.47,8.02,61.5,2022-06-19,LHD,city
Fort Worth,76118,59.82,7.46,67.28,2022-06-19,LHD,city
Fort Worth,76119,46.23,7.89,54.13,2022-06-19,LHD,city
Fort Worth,76120,52.44,7.89,60.33,2022-06-19,LHD,city
Fort Worth,76123,64.61,8.06,72.67,2022-06-19,LHD,city
Fort Worth,76126,67.04,6.41,73.45,2022-06-19,LHD,city
Fort Worth,76127,4.83,1.7,6.53,2022-06-19,LHD,city
Fort Worth,76129,16.95,4.49,21.44,2022-06-19,LHD,city
Fort Worth,76131,63.21,7.74,70.95,2022-06-19,LHD,city
Fort Worth,76132,58.04,7.08,65.12,2022-06-19,LHD,city
Fort Worth,76133,55.71,6.94,62.65,2022-06-19,LHD,city
Fort Worth,76134,55.55,7.44,62.99,2022-06-19,LHD,city
Fort Worth,76135,45.57,6.44,52,2022-06-19,LHD,city
Fort Worth,76137,55.88,6.98,62.88,2022-06-19,LHD,city
Fort Worth,76140,52.69,7.52,60.21,2022-06-19,LHD,city
Fort Worth,76155,57.15,9.07,66.21,2022-06-19,LHD,city
Fort Worth,76164,57.78,9.02,66.8,2022-06-19,LHD,city
Fort Worth,76177,100,13.25,100,2022-06-19,LHD,city
Fort Worth,76179,55,7.05,62.06,2022-06-19,LHD,city
Fort Worth,76244,58.16,6.56,64.72,2022-06-19,LHD,city
Fort Worth,76262,64.12,7.46,71.58,2022-06-19,LHD,city
Houston,77002,100,34.75,100,2022-06-19,LHD,city
Houston,77003,81.11,17.98,99.08,2022-06-19,LHD,city
Houston,77004,54.02,10.22,64.24,2022-06-19,LHD,city
Houston,77005,82.85,11.72,94.58,2022-06-19,LHD,city
Houston,77006,82.98,13.67,96.64,2022-06-19,LHD,city
Houston,77007,87.32,13.44,100,2022-06-19,LHD,city
Houston,77008,83.45,11.42,94.87,2022-06-19,LHD,city
Houston,77009,71.52,11.28,82.8,2022-06-19,LHD,city
Houston,77010,100,56.74,100,2022-06-19,LHD,city
Houston,77011,64.01,12.05,76.06,2022-06-19,LHD,city
Houston,77012,57.74,11.27,69.01,2022-06-19,LHD,city
Houston,77013,47.42,8.63,56.05,2022-06-19,LHD,city
Houston,77014,49.69,7.1,56.78,2022-06-19,LHD,city
Houston,77015,61.94,10.66,72.6,2022-06-19,LHD,city
Houston,77016,55.68,10.06,65.74,2022-06-19,LHD,city
Houston,77017,61.79,10.6,72.4,2022-06-19,LHD,city
Houston,77018,69.39,9.44,78.83,2022-06-19,LHD,city
Houston,77019,100,14.08,100,2022-06-19,LHD,city
Houston,77020,55.23,9.83,65.06,2022-06-19,LHD,city
Houston,77021,57.55,10.07,67.62,2022-06-19,LHD,city
Houston,77022,61.49,12.09,73.59,2022-06-19,LHD,city
Houston,77023,61.12,10.29,71.41,2022-06-19,LHD,city
Houston,77024,100,18.13,100,2022-06-19,LHD,city
Houston,77025,77.97,10.78,88.76,2022-06-19,LHD,city
Houston,77026,58.98,11.71,70.69,2022-06-19,LHD,city
Houston,77027,100,34.34,100,2022-06-19,LHD,city
Houston,77028,58.19,11.21,69.4,2022-06-19,LHD,city
Houston,77029,64.41,10.72,75.13,2022-06-19,LHD,city
Houston,77030,100,30.51,100,2022-06-19,LHD,city
Houston,77031,53.31,8.92,62.23,2022-06-19,LHD,city
Houston,77032,83.82,20.7,100,2022-06-19,LHD,city
Houston,77033,53.52,9.64,63.17,2022-06-19,LHD,city
Houston,77034,54.28,9.05,63.32,2022-06-19,LHD,city
Houston,77035,59.35,9.76,69.11,2022-06-19,LHD,city
Houston,77036,55.94,11.42,67.37,2022-06-19,LHD,city
Houston,77037,61.36,12.81,74.17,2022-06-19,LHD,city
Houston,77038,54.51,9.02,63.53,2022-06-19,LHD,city
Houston,77039,53.7,9.7,63.4,2022-06-19,LHD,city
Houston,77040,63.61,10.07,73.68,2022-06-19,LHD,city
Houston,77041,74.89,10.6,85.49,2022-06-19,LHD,city
Houston,77042,59.46,10.43,69.88,2022-06-19,LHD,city
Houston,77043,69.98,10.81,80.79,2022-06-19,LHD,city
Houston,77044,64.16,9.39,73.55,2022-06-19,LHD,city
Houston,77045,59.4,8.17,67.57,2022-06-19,LHD,city
Houston,77046,100,27.67,100,2022-06-19,LHD,city
Houston,77047,58.82,7.61,66.43,2022-06-19,LHD,city
Houston,77048,60.69,8.94,69.63,2022-06-19,LHD,city
Houston,77049,59.93,8.9,68.83,2022-06-19,LHD,city
Houston,77050,55.87,10.84,66.72,2022-06-19,LHD,city
Houston,77051,54.86,9.37,64.23,2022-06-19,LHD,city
Houston,77053,60.68,8.14,68.82,2022-06-19,LHD,city
Houston,77054,71.83,13.16,84.99,2022-06-19,LHD,city
Houston,77055,62.27,10.67,72.94,2022-06-19,LHD,city
Houston,77056,100,64.99,100,2022-06-19,LHD,city
Houston,77057,70.41,11.89,82.31,2022-06-19,LHD,city
Houston,77058,74.64,11.94,86.58,2022-06-19,LHD,city
Houston,77059,87.16,8.15,95.31,2022-06-19,LHD,city
Houston,77060,47.97,10.74,58.71,2022-06-19,LHD,city
Houston,77061,50.76,9.8,60.57,2022-06-19,LHD,city
Houston,77062,65.98,6.75,72.73,2022-06-19,LHD,city
Houston,77063,60.51,10.43,70.94,2022-06-19,LHD,city
Houston,77064,62.9,8.54,71.45,2022-06-19,LHD,city
Houston,77065,59.71,8.75,68.46,2022-06-19,LHD,city
Houston,77066,60.68,8.74,69.42,2022-06-19,LHD,city
Houston,77067,46.52,7.93,54.45,2022-06-19,LHD,city
Houston,77068,67.88,9.95,77.83,2022-06-19,LHD,city
Houston,77069,61.12,8.03,69.15,2022-06-19,LHD,city
Houston,77070,61.2,8.87,70.07,2022-06-19,LHD,city
Houston,77071,60.06,7.75,67.81,2022-06-19,LHD,city
Houston,77072,61.86,9.91,71.78,2022-06-19,LHD,city
Houston,77073,63.15,9.78,72.93,2022-06-19,LHD,city
Houston,77074,57.05,10.94,67.99,2022-06-19,LHD,city
Houston,77075,55.27,8.41,63.68,2022-06-19,LHD,city
Houston,77076,50.09,11.08,61.17,2022-06-19,LHD,city
Houston,77077,72.03,10.94,82.96,2022-06-19,LHD,city
Houston,77078,52.31,9.26,61.57,2022-06-19,LHD,city
Houston,77079,75.15,11.16,86.31,2022-06-19,LHD,city
Houston,77080,56.88,9.76,66.65,2022-06-19,LHD,city
Houston,77081,49.84,10.51,60.36,2022-06-19,LHD,city
Houston,77082,63.67,9.75,73.41,2022-06-19,LHD,city
Houston,77083,66.48,9.97,76.45,2022-06-19,LHD,city
Houston,77084,64.11,9.33,73.44,2022-06-19,LHD,city
Houston,77085,64.62,8.32,72.94,2022-06-19,LHD,city
Houston,77086,60.03,10.36,70.39,2022-06-19,LHD,city
Houston,77087,59.57,9.66,69.23,2022-06-19,LHD,city
Houston,77088,55.69,9,64.68,2022-06-19,LHD,city
Houston,77089,68.69,8.61,77.29,2022-06-19,LHD,city
Houston,77090,45.82,8.83,54.65,2022-06-19,LHD,city
Houston,77091,53.48,10.12,63.6,2022-06-19,LHD,city
Houston,77092,60.54,12.47,73.01,2022-06-19,LHD,city
Houston,77093,55.7,10.79,66.49,2022-06-19,LHD,city
Houston,77094,84.65,11.92,96.56,2022-06-19,LHD,city
Houston,77095,63.8,7.77,71.57,2022-06-19,LHD,city
Houston,77096,71.12,9.35,80.47,2022-06-19,LHD,city
Houston,77098,100,17.94,100,2022-06-19,LHD,city
Houston,77099,59.94,9.08,69.02,2022-06-19,LHD,city
Houston,77336,44.72,6.45,51.17,2022-06-19,LHD,city
Houston,77338,58.55,13.05,71.6,2022-06-19,LHD,city
Houston,77339,63.93,8.49,72.42,2022-06-19,LHD,city
Houston,77345,64.12,7.18,71.29,2022-06-19,LHD,city
Houston,77396,56.98,9.06,66.03,2022-06-19,LHD,city
Houston,77489,63.28,7.8,71.08,2022-06-19,LHD,city
San Antonio,78023,65.24,8.98,74.21,2022-06-19,LHD,city
San Antonio,78073,60.19,9.55,69.73,2022-06-19,LHD,city
San Antonio,78201,59.07,9.99,69.06,2022-06-19,LHD,city
San Antonio,78202,60.78,15.93,76.71,2022-06-19,LHD,city
San Antonio,78203,59.58,11.15,70.73,2022-06-19,LHD,city
San Antonio,78204,78.99,19.38,98.36,2022-06-19,LHD,city
San Antonio,78205,100,100,100,2022-06-19,LHD,city
San Antonio,78207,53.55,10.38,63.93,2022-06-19,LHD,city
San Antonio,78208,48.73,9.51,58.23,2022-06-19,LHD,city
San Antonio,78209,72.28,12.01,84.29,2022-06-19,LHD,city
San Antonio,78210,58.53,9.78,68.3,2022-06-19,LHD,city
San Antonio,78211,57.02,9.86,66.87,2022-06-19,LHD,city
San Antonio,78212,66.56,11.66,78.22,2022-06-19,LHD,city
San Antonio,78213,62.06,11.24,73.31,2022-06-19,LHD,city
San Antonio,78214,51.4,8.69,60.1,2022-06-19,LHD,city
San Antonio,78215,100,25.69,100,2022-06-19,LHD,city
San Antonio,78216,83.94,32.89,100,2022-06-19,LHD,city
San Antonio,78217,60.5,10.09,70.61,2022-06-19,LHD,city
San Antonio,78218,59,10.92,69.92,2022-06-19,LHD,city
San Antonio,78219,49.94,9.51,59.45,2022-06-19,LHD,city
San Antonio,78220,63.53,12.66,76.19,2022-06-19,LHD,city
San Antonio,78221,58.31,9.66,67.97,2022-06-19,LHD,city
San Antonio,78222,57.41,8.99,66.4,2022-06-19,LHD,city
San Antonio,78223,61.27,9.92,71.19,2022-06-19,LHD,city
San Antonio,78224,60.75,14.8,75.56,2022-06-19,LHD,city
San Antonio,78225,57.96,10.32,68.28,2022-06-19,LHD,city
San Antonio,78226,51.09,9.83,60.92,2022-06-19,LHD,city
San Antonio,78227,53.76,10.52,64.28,2022-06-19,LHD,city
San Antonio,78228,60.3,9.77,70.06,2022-06-19,LHD,city
San Antonio,78229,62.48,12.91,75.39,2022-06-19,LHD,city
San Antonio,78230,72.87,12.9,85.78,2022-06-19,LHD,city
San Antonio,78231,78.45,13.07,91.51,2022-06-19,LHD,city
San Antonio,78232,64.88,10.34,75.21,2022-06-19,LHD,city
San Antonio,78233,58.1,9.18,67.28,2022-06-19,LHD,city
San Antonio,78234,13.39,7.03,20.42,2022-06-19,LHD,city
San Antonio,78235,70.73,16.06,86.79,2022-06-19,LHD,city
San Antonio,78237,57.46,10.28,67.74,2022-06-19,LHD,city
San Antonio,78238,64.47,10.89,75.36,2022-06-19,LHD,city
San Antonio,78239,66.91,10.87,77.78,2022-06-19,LHD,city
San Antonio,78240,62.2,9.65,71.84,2022-06-19,LHD,city
San Antonio,78242,53.8,9.88,63.67,2022-06-19,LHD,city
San Antonio,78244,63.95,11.05,75,2022-06-19,LHD,city
San Antonio,78245,69.67,12.05,81.72,2022-06-19,LHD,city
San Antonio,78247,61.03,8.66,69.7,2022-06-19,LHD,city
San Antonio,78248,78.28,11.5,89.77,2022-06-19,LHD,city
San Antonio,78249,62.09,10.85,72.94,2022-06-19,LHD,city
San Antonio,78250,59.19,8.42,67.62,2022-06-19,LHD,city
San Antonio,78251,58.24,9.84,68.08,2022-06-19,LHD,city
San Antonio,78252,89.45,17.01,100,2022-06-19,LHD,city
San Antonio,78254,76.64,12.05,88.68,2022-06-19,LHD,city
San Antonio,78255,87.28,13.77,100,2022-06-19,LHD,city
San Antonio,78256,85.93,16.15,100,2022-06-19,LHD,city
San Antonio,78257,100,43.65,100,2022-06-19,LHD,city
San Antonio,78258,97.8,18.31,100,2022-06-19,LHD,city
San Antonio,78259,78.64,12.4,91.04,2022-06-19,LHD,city
San Antonio,78260,100,17.55,100,2022-06-19,LHD,city
San Antonio,78264,76.81,12.68,89.49,2022-06-19,LHD,city
San Antonio,78266,70.39,10.02,80.41,2022-06-19,LHD,city
Phoenix,85003,,,100,2022-07-06,LHD,county
Phoenix,85004,,,100,2022-07-06,LHD,county
Phoenix,85006,,,54.28,2022-07-06,LHD,county
Phoenix,85007,,,69.48,2022-07-06,LHD,county
Phoenix,85008,,,57.42,2022-07-06,LHD,county
Phoenix,85009,,,58.9,2022-07-06,LHD,county
Phoenix,85012,,,100,2022-07-06,LHD,county
Phoenix,85013,,,81.57,2022-07-06,LHD,county
Phoenix,85014,,,65.94,2022-07-06,LHD,county
Phoenix,85015,,,58.63,2022-07-06,LHD,county
Phoenix,85016,,,75.12,2022-07-06,LHD,county
Phoenix,85017,,,54,2022-07-06,LHD,county
Phoenix,85018,,,70.26,2022-07-06,LHD,county
Phoenix,85019,,,61.17,2022-07-06,LHD,county
Phoenix,85020,,,71.9,2022-07-06,LHD,county
Phoenix,85021,,,66.73,2022-07-06,LHD,county
Phoenix,85022,,,62.02,2022-07-06,LHD,county
Phoenix,85023,,,64.08,2022-07-06,LHD,county
Phoenix,85024,,,64.71,2022-07-06,LHD,county
Phoenix,85027,,,56.11,2022-07-06,LHD,county
Phoenix,85028,,,79.02,2022-07-06,LHD,county
Phoenix,85029,,,57.41,2022-07-06,LHD,county
Phoenix,85031,,,61.07,2022-07-06,LHD,county
Phoenix,85032,,,58.99,2022-07-06,LHD,county
Phoenix,85033,,,54.6,2022-07-06,LHD,county
Phoenix,85034,,,94.73,2022-07-06,LHD,county
Phoenix,85035,,,52.43,2022-07-06,LHD,county
Phoenix,85037,,,59.07,2022-07-06,LHD,county
Phoenix,85040,,,56,2022-07-06,LHD,county
Phoenix,85041,,,65.78,2022-07-06,LHD,county
Phoenix,85042,,,62.82,2022-07-06,LHD,county
Phoenix,85043,,,58.68,2022-07-06,LHD,county
Phoenix,85044,,,68.6,2022-07-06,LHD,county
Phoenix,85045,,,100,2022-07-06,LHD,county
Phoenix,85048,,,67.04,2022-07-06,LHD,county
Phoenix,85050,,,75.52,2022-07-06,LHD,county
Phoenix,85051,,,56.66,2022-07-06,LHD,county
Phoenix,85053,,,54.73,2022-07-06,LHD,county
Phoenix,85054,,,86.72,2022-07-06,LHD,county
Phoenix,85083,,,66.9,2022-07-06,LHD,county
Phoenix,85085,,,77.58,2022-07-06,LHD,county
Phoenix,85086,,,59.62,2022-07-06,LHD,county
Phoenix,85087,,,61.19,2022-07-06,LHD,county
Phoenix,85251,,,71.64,2022-07-06,LHD,county
Phoenix,85254,,,74.17,2022-07-06,LHD,county
Phoenix,85304,,,62.8,2022-07-06,LHD,county
Phoenix,85306,,,54.19,2022-07-06,LHD,county
Phoenix,85307,,,48.87,2022-07-06,LHD,county
Phoenix,85308,,,63.69,2022-07-06,LHD,county
Phoenix,85310,,,60.78,2022-07-06,LHD,county
Phoenix,85331,,,72.58,2022-07-06,LHD,county
Phoenix,85339,,,60.65,2022-07-06,LHD,county
Phoenix,85353,,,60.07,2022-07-06,LHD,county
